idx,target
t_000,4
t_001,4
t_002,4
t_003,4
t_004,4
t_005,4
t_006,4
t_007,4
t_008,4
t_009,4
t_010,4
t_011,4
t_012,4
t_013,4
t_014,4
t_015,4
t_016,4
t_017,4
t_018,4
t_019,4
t_020,4
t_021,4
t_022,4
t_023,4
t_024,4
t_025,4
t_026,4
t_027,4
t_028,4
t_029,4
t_030,4
t_031,4
t_032,4
t_033,4
t_034,4
t_035,4
t_036,4
t_037,4
t_038,4
t_039,4
t_040,4
t_041,4
t_042,4
t_043,4
t_044,4
t_045,4
t_046,4
t_047,4
t_048,4
t_049,4
t_050,4
t_051,4
t_052,4
t_053,4
t_054,4
t_055,4
t_056,4
t_057,4
t_058,4
t_059,4
t_060,4
t_061,4
t_062,4
t_063,4
t_064,4
t_065,4
t_066,4
t_067,4
t_068,4
t_069,4
t_070,4
t_071,4
t_072,4
t_073,4
t_074,4
t_075,4
t_076,4
t_077,4
t_078,4
t_079,4
t_080,4
t_081,4
t_082,4
t_083,4
t_084,4
t_085,4
t_086,4
t_087,4
t_088,4
t_089,4
t_090,4
t_091,4
t_092,4
t_093,4
t_094,4
t_095,4
t_096,4
t_097,4
t_098,4
t_099,4
t_100,4
t_101,4
t_102,4
t_103,4
t_104,4
t_105,4
t_106,4
t_107,4
t_108,4
t_109,4
t_110,4
t_111,4
t_112,4
t_113,4
t_114,4
t_115,4
t_116,4
t_117,4
t_118,4
t_119,4
t_120,4
t_121,4
t_122,4
t_123,4
t_124,4
t_125,4
t_126,4
t_127,4
t_128,4
t_129,4
t_130,4
t_131,4
t_132,4
t_133,4
t_134,4
t_135,4
t_136,4
t_137,4
t_138,4
t_139,4
t_140,4
t_141,4
t_142,4
t_143,4
t_144,4
t_145,4
t_146,4
t_147,4
t_148,4
t_149,4
t_150,4
t_151,4
t_152,4
t_153,4
t_154,4
t_155,4
t_156,4
t_157,4
t_158,4
t_159,4
t_160,4
t_161,4
t_162,4
t_163,4
t_164,4
t_165,4
t_166,4
t_167,4
t_168,4
t_169,4
t_170,4
t_171,4
t_172,4
t_173,4
t_174,4
t_175,4
t_176,4
t_177,4
t_178,4
t_179,4
t_180,4
t_181,4
t_182,4
t_183,4
t_184,4
t_185,4
t_186,4
t_187,4
t_188,4
t_189,4
t_190,4
t_191,4
t_192,4
t_193,4
t_194,4
t_195,4
t_196,4
t_197,4
t_198,4
t_199,4
t_200,4
t_201,4
t_202,4
t_203,4
t_204,4
t_205,4
t_206,4
t_207,4
t_208,4
t_209,4
t_210,4
t_211,4
t_212,4
t_213,4
t_214,4
t_215,4
t_216,4
t_217,4
t_218,4
t_219,4
t_220,4
t_221,4
t_222,4
t_223,4
t_224,4
t_225,4
t_226,4
t_227,4
t_228,4
t_229,4
t_230,4
t_231,4
t_232,4
t_233,4
t_234,4
t_235,4
t_236,4
t_237,4
t_238,4
t_239,4
t_240,4
t_241,4
t_242,4
t_243,4
t_244,4
t_245,4
t_246,4
t_247,4
t_248,4
t_249,4
t_250,4
t_251,4
t_252,4
t_253,4
t_254,4
t_255,4
t_256,4
t_257,4
t_258,4
t_259,4
t_260,4
t_261,4
t_262,4
t_263,4
t_264,4
t_265,4
t_266,4
t_267,4
t_268,4
t_269,4
t_270,4
t_271,4
t_272,4
t_273,4
t_274,4
t_275,4
t_276,4
t_277,4
t_278,4
t_279,4
t_280,4
t_281,4
t_282,4
t_283,4
t_284,4
t_285,4
t_286,4
t_287,4
t_288,4
t_289,4
t_290,4
t_291,4
t_292,4
t_293,4
t_294,4
t_295,4
t_296,4
t_297,4
t_298,4
t_299,4
t_300,4
t_301,4
t_302,4
t_303,4
t_304,4
t_305,4
t_306,4
t_307,4
t_308,4
t_309,4
t_310,4
t_311,4
t_312,4
t_313,4
t_314,4
t_315,4
t_316,4
t_317,4
t_318,4
t_319,4
t_320,4
t_321,4
t_322,4
t_323,4
t_324,4
t_325,4
t_326,4
t_327,4
t_328,4
t_329,4
t_330,4
t_331,4
t_332,4
t_333,4
t_334,4
t_335,4
t_336,4
t_337,4
t_338,4
t_339,4
t_340,4
t_341,4
t_342,4
t_343,4
t_344,4
t_345,4
t_346,4
t_347,4
t_348,4
t_349,4
t_350,4
t_351,4
t_352,4
t_353,4
t_354,4
t_355,4
t_356,4
t_357,4
t_358,4
t_359,4
t_360,4
t_361,4
t_362,4
t_363,4
t_364,4
t_365,4
t_366,4
t_367,4
t_368,4
t_369,4
t_370,4
t_371,4
t_372,4
t_373,4
t_374,4
t_375,4
t_376,4
t_377,4
t_378,4
t_379,4
t_380,4
t_381,4
t_382,4
t_383,4
t_384,4
t_385,4
t_386,4
t_387,4
t_388,4
t_389,4
t_390,4
t_391,4
t_392,4
t_393,4
t_394,4
t_395,4
t_396,4
t_397,4
t_398,4
t_399,4
t_400,4
t_401,4
t_402,4
t_403,4
t_404,4
t_405,4
t_406,4
t_407,4
t_408,4
t_409,4
t_410,4
t_411,4
t_412,4
t_413,4
t_414,4
t_415,4
t_416,4
t_417,4
t_418,4
t_419,4
t_420,4
t_421,4
t_422,4
t_423,4
t_424,4
t_425,4
t_426,4
t_427,4
t_428,4
t_429,4
t_430,4
t_431,4
t_432,4
t_433,4
t_434,4
t_435,4
t_436,4
t_437,4
t_438,4
t_439,4
t_440,4
t_441,4
t_442,4
t_443,4
t_444,4
t_445,4
t_446,4
t_447,4
t_448,4
t_449,4
t_450,4
t_451,4
t_452,4
t_453,4
t_454,4
t_455,4
t_456,4
t_457,4
t_458,4
t_459,4
t_460,4
t_461,4
t_462,4
t_463,4
t_464,4
t_465,4
t_466,4
t_467,4
t_468,4
t_469,4
t_470,4
t_471,4
t_472,4
t_473,4
t_474,4
t_475,4
t_476,4
t_477,4
t_478,4
t_479,4
t_480,4
t_481,4
t_482,4
t_483,4
t_484,4
t_485,4
t_486,4
t_487,4
t_488,4
t_489,4
t_490,4
t_491,4
t_492,4
t_493,4
t_494,4
t_495,4
t_496,4
t_497,4
t_498,4
t_499,4
